Epoch,Train Loss,Test Loss,Validation Loss,Train Accuracy,Test Accuracy,Validation Accuracy
1,1.439089222658034,1.2455176868105446,1.9364246035877026,0.4063263415045068,0.5052985702270816,0.2587646076794658
